,IC Mean,Train IC,Train IR,Test IC,Test IR
IC Information,0.012233549589839724,0.01431967196164124,0.18644945046206973,0.00673168838948408,0.1293070572735851
