,IC Mean,Train IC,Train IR,Test IC,Test IR
IC Information,0.026123405989228823,0.030749899832486268,0.3296002523623068,0.01418406703888702,0.24785257657162282
