,IC Mean,Train IC,Train IR,Test IC,Test IR
IC Information,0.029762686876534054,0.03606635731853481,0.41101578307873726,0.013495150252015973,0.2501135251214647
