,IC Mean,Train IC,Train IR,Test IC,Test IR
IC Information,0.017589768746599028,0.021235095135660336,0.3193871955744551,0.00818247483934404,0.16047743878465567
