,IC Mean,Train IC,Train IR,Test IC,Test IR
IC Information,0.015665307152994756,0.021192033610770204,0.31519333397875515,0.0014027872619613421,0.02290408640067256
