,IC Mean,Train IC,Train IR,Test IC,Test IR
IC Information,0.0208788052562277,0.024448897593211765,0.32054919574615526,0.011665663741430118,0.15795936168455166
