,IC Mean,Train IC,Train IR,Test IC,Test IR
IC Information,0.016351939733178195,0.017822881169703552,0.24223734517892773,0.012555961832467589,0.15991902657189858
